<?xml version="1.0" encoding="UTF-8"?>

<beans xmlns = "http://www.springframework.org/schema/beans"
   xmlns:xsi = "http://www.w3.org/2001/XMLSchema-instance"
   xsi:schemaLocation = "http://www.springframework.org/schema/beans
   http://www.springframework.org/schema/beans/spring-beans-3.0.xsd">
   
<bean id="colBean" class="obEx.College" scope="prototype" autowire="byName">
	<property name="regno" value="p001" ></property>
	<property name="name" value="kit" ></property>
	<property name="addr" value="orrisa" ></property>
	<property name="phn" value="895632" ></property>
	<property name="sob">
		<list>
			<ref bean="s1"></ref>
			<ref bean="s2"></ref>
		</list>
	</property>
	<property name="tob">
		<list>
			<ref bean="t1"></ref>
			<ref bean="t2"></ref>
		</list>
	</property>
</bean>
<bean id="s1" class="obEx.Student" scope="prototype">
<property name="regno" value="s001"></property>
<property name="name" value="ravi" ></property>
<property name="addr" value="kolkata" ></property>
<property name="phn" value="658974" ></property>
<property name="age" value="22" ></property>
</bean>

<bean id="s2" class="obEx.Student" scope="prototype">
<property name="regno" value="s002"></property>
<property name="name" value="prakash" ></property>
<property name="addr" value="pune" ></property>
<property name="phn" value="65897" ></property>
<property name="age" value="23" ></property>
</bean>

<bean id="t1" class="obEx.Teacher" scope="prototype">
<property name="regno" value="t001" ></property>
<property name="name" value="akash" ></property>
<property name="addr" value="new town" ></property>
<property name="phn" value="758974" ></property>
<property name="age" value="42" ></property>
<property name="dept" value="cse" ></property>
</bean>

<bean id="t2" class="obEx.Teacher" scope="prototype">
<property name="regno" value="t002" ></property>
<property name="name" value="surya" ></property>
<property name="addr" value="pune" ></property>
<property name="phn" value="7589741" ></property>
<property name="age" value="38" ></property>
<property name="dept" value="cts" ></property>
</bean>
</beans>