<?xml version="1.0" encoding="UTF-8"?>
<beans xmlns="http://www.springframework.org/schema/beans"
    xmlns:xsi="http://www.w3.org/2001/XMLSchema-instance"
    xsi:schemaLocation="http://www.springframework.org/schema/beans
    http://www.springframework.org/schema/beans/spring-beans-3.0.xsd">
    
    <bean id="conBean" class="org.springframework.jdbc.datasource.DriverManagerDataSource">
    	<property name="driverClassName" value="com.mysql.jdbc.Driver"></property>
    	<property name="url" value="jdbc:mysql://localhost:3306/test"></property>
    	<property name="username" value="root"></property>
   		<property name="password" value="root"></property>
    </bean>
    <bean id="tmplBean" class="org.springframework.jdbc.core.JdbcTemplate">
    	<constructor-arg ref="conBean"></constructor-arg>
    </bean>
    <bean id="personDaoImplBean" class="personpack.PersonDaoImpl">
    	<constructor-arg ref="tmplBean"></constructor-arg>
    </bean>
    <bean id="daoBean" class="personpack.BusinessClass">
    	<constructor-arg ref="personDaoImplBean"></constructor-arg>
    </bean>
    </beans>