<?xml version="1.0" encoding="UTF-8"?>
<beans xmlns = "http://www.springframework.org/schema/beans"
   xmlns:xsi = "http://www.w3.org/2001/XMLSchema-instance"
   xsi:schemaLocation = "http://www.springframework.org/schema/beans
   http://www.springframework.org/schema/beans/spring-beans-3.0.xsd">
   
   <bean id="seqbean" class="ex3.Seq" scope="prototype">
   	<property name="prefix" value="pun"></property>
   	<property name="initial" value="1000"></property>
   	<property name="suffix" value="cts"></property>
   </bean>
   
  
   </beans>