<beans xmlns = "http://www.springframework.org/schema/beans"
   xmlns:xsi = "http://www.w3.org/2001/XMLSchema-instance"
   xsi:schemaLocation = "http://www.springframework.org/schema/beans
   http://www.springframework.org/schema/beans/spring-beans-3.0.xsd">

<bean id="customerService" class="aspectCon.CustomerService">
	<property name="name" value="navneet" />
	<property name="url" value="http://www.google.com"/>
</bean>

<bean id="methodBean" class="aspectCon.Helper" />

<bean id="customerServiceProxy" class="org.springframework.aop.framework.ProxyFactoryBean">
<property name="target" ref="customerService"/>
<property name="interceptorNames">
	<list>
		<value>methodBean</value>
	</list>
</property>
</bean>
</beans>
